kvp_kv,hvl_mmal,field_side_length_cm,mu_en_quotient
50,1.78,5,1.016
50,1.99,5,1.016
50,2.3,5,1.016
50,2.57,5,1.015
50,2.89,5,1.015
50,3.09,5,1.015
50,3.49,5,1.016
50,3.62,5,1.016
50,3.85,5,1.016
50,3.91,5,1.016
50,4.7,5,1.018
50,5.13,5,1.019
50,5.15,5,1.019
60,2.11,5,1.017
60,2.37,5,1.017
60,2.76,5,1.017
60,3.09,5,1.017
60,3.51,5,1.018
60,3.76,5,1.018
60,4.28,5,1.02
60,4.45,5,1.02
60,4.76,5,1.021
60,4.84,5,1.021
60,5.9,5,1.025
60,6.49,5,1.027
60,6.51,5,1.027
70,2.43,5,1.019
70,2.73,5,1.019
70,3.18,5,1.02
70,3.57,5,1.02
70,4.08,5,1.022
70,4.36,5,1.022
70,4.99,5,1.024
70,5.2,5,1.025
70,5.56,5,1.026
70,5.66,5,1.027
70,6.94,5,1.032
70,7.65,5,1.036
70,7.68,5,1.036
80,2.77,5,1.021
80,3.12,5,1.022
80,3.63,5,1.023
80,4.08,5,1.024
80,4.66,5,1.026
80,4.99,5,1.027
80,5.71,5,1.03
80,5.94,5,1.03
80,6.36,5,1.032
80,6.47,5,1.033
80,7.88,5,1.039
80,8.66,5,1.044
80,8.69,5,1.044
90,3.14,5,1.024
90,3.53,5,1.025
90,4.1,5,1.026
90,4.59,5,1.028
90,5.24,5,1.03
90,5.6,5,1.031
90,6.38,5,1.035
90,6.62,5,1.036
90,7.07,5,1.038
90,7.18,5,1.038
90,8.66,5,1.046
90,9.45,5,1.05
90,9.48,5,1.05
100,3.52,5,1.027
100,3.95,5,1.028
100,4.57,5,1.03
100,5.09,5,1.032
100,5.79,5,1.034
100,6.17,5,1.036
100,6.97,5,1.039
100,7.23,5,1.04
100,7.69,5,1.042
100,7.81,5,1.043
100,9.3,5,1.051
100,10.1,5,1.056
100,10.14,5,1.056
110,3.91,5,1.03
110,4.37,5,1.031
110,5.02,5,1.033
110,5.57,5,1.035
110,6.3,5,1.038
110,6.69,5,1.04
110,7.51,5,1.043
110,7.77,5,1.044
110,8.23,5,1.047
110,8.35,5,1.047
110,9.85,5,1.055
110,10.67,5,1.06
110,10.7,5,1.061
120,4.31,5,1.033
120,4.79,5,1.034
120,5.47,5,1.036
120,6.04,5,1.039
120,6.78,5,1.042
120,7.18,5,1.043
120,8.01,5,1.047
120,8.27,5,1.048
120,8.73,5,1.05
120,8.85,5,1.051
120,10.34,5,1.059
120,11.17,5,1.064
120,11.21,5,1.064
130,4.71,5,1.035
130,5.21,5,1.037
130,5.91,5,1.039
130,6.49,5,1.042
130,7.24,5,1.045
130,7.63,5,1.046
130,8.46,5,1.05
130,8.72,5,1.051
130,9.18,5,1.054
130,9.3,5,1.054
130,10.79,5,1.062
130,11.62,5,1.067
130,11.66,5,1.068
140,5.11,5,1.038
140,5.62,5,1.04
140,6.34,5,1.042
140,6.92,5,1.045
140,7.67,5,1.048
140,8.07,5,1.049
140,8.89,5,1.053
140,9.14,5,1.054
140,9.59,5,1.056
140,9.71,5,1.057
140,11.2,5,1.065
140,12.04,5,1.07
140,12.09,5,1.071
150,5.52,5,1.041
150,6.04,5,1.042
150,6.75,5,1.045
150,7.34,5,1.047
150,8.09,5,1.05
150,8.48,5,1.052
150,9.29,5,1.056
150,9.54,5,1.057
150,9.98,5,1.059
150,10.1,5,1.06
150,11.58,5,1.068
150,12.44,5,1.073
150,12.48,5,1.073
50,1.78,10,1.016
50,1.99,10,1.016
50,2.3,10,1.015
50,2.57,10,1.015
50,2.89,10,1.015
50,3.09,10,1.015
50,3.49,10,1.016
50,3.62,10,1.016
50,3.85,10,1.016
50,3.91,10,1.016
50,4.7,10,1.018
50,5.13,10,1.019
50,5.15,10,1.019
60,2.11,10,1.017
60,2.37,10,1.017
60,2.76,10,1.017
60,3.09,10,1.017
60,3.51,10,1.018
60,3.76,10,1.018
60,4.28,10,1.019
60,4.45,10,1.02
60,4.76,10,1.02
60,4.84,10,1.021
60,5.9,10,1.024
60,6.49,10,1.026
60,6.51,10,1.026
70,2.43,10,1.019
70,2.73,10,1.019
70,3.18,10,1.019
70,3.57,10,1.02
70,4.08,10,1.021
70,4.36,10,1.022
70,4.99,10,1.023
70,5.2,10,1.024
70,5.56,10,1.025
70,5.66,10,1.026
70,6.94,10,1.031
70,7.65,10,1.034
70,7.68,10,1.034
80,2.77,10,1.021
80,3.12,10,1.021
80,3.63,10,1.022
80,4.08,10,1.023
80,4.66,10,1.025
80,4.99,10,1.026
80,5.71,10,1.028
80,5.94,10,1.029
80,6.36,10,1.031
80,6.47,10,1.031
80,7.88,10,1.038
80,8.66,10,1.042
80,8.69,10,1.042
90,3.14,10,1.023
90,3.53,10,1.024
90,4.1,10,1.026
90,4.59,10,1.027
90,5.24,10,1.029
90,5.6,10,1.03
90,6.38,10,1.033
90,6.62,10,1.034
90,7.07,10,1.036
90,7.18,10,1.037
90,8.66,10,1.043
90,9.45,10,1.048
90,9.48,10,1.048
100,3.52,10,1.026
100,3.95,10,1.027
100,4.57,10,1.029
100,5.09,10,1.031
100,5.79,10,1.033
100,6.17,10,1.034
100,6.97,10,1.038
100,7.23,10,1.039
100,7.69,10,1.041
100,7.81,10,1.041
100,9.3,10,1.049
100,10.1,10,1.053
100,10.14,10,1.053
110,3.91,10,1.029
110,4.37,10,1.03
110,5.02,10,1.032
110,5.57,10,1.034
110,6.3,10,1.037
110,6.69,10,1.038
110,7.51,10,1.041
110,7.77,10,1.043
110,8.23,10,1.045
110,8.35,10,1.045
110,9.85,10,1.053
110,10.67,10,1.058
110,10.7,10,1.058
120,4.31,10,1.032
120,4.79,10,1.033
120,5.47,10,1.035
120,6.04,10,1.037
120,6.78,10,1.04
120,7.18,10,1.041
120,8.01,10,1.045
120,8.27,10,1.046
120,8.73,10,1.048
120,8.85,10,1.049
120,10.34,10,1.057
120,11.17,10,1.062
120,11.21,10,1.062
130,4.71,10,1.034
130,5.21,10,1.036
130,5.91,10,1.038
130,6.49,10,1.04
130,7.24,10,1.043
130,7.63,10,1.045
130,8.46,10,1.048
130,8.72,10,1.049
130,9.18,10,1.051
130,9.3,10,1.052
130,10.79,10,1.06
130,11.62,10,1.065
130,11.66,10,1.065
140,5.11,10,1.037
140,5.62,10,1.038
140,6.34,10,1.041
140,6.92,10,1.043
140,7.67,10,1.046
140,8.07,10,1.048
140,8.89,10,1.051
140,9.14,10,1.052
140,9.59,10,1.054
140,9.71,10,1.055
140,11.2,10,1.063
140,12.04,10,1.068
140,12.09,10,1.068
150,5.52,10,1.039
150,6.04,10,1.041
150,6.75,10,1.044
150,7.34,10,1.046
150,8.09,10,1.049
150,8.48,10,1.05
150,9.29,10,1.054
150,9.54,10,1.055
150,9.98,10,1.057
150,10.1,10,1.058
150,11.58,10,1.065
150,12.44,10,1.07
150,12.48,10,1.071
50,1.78,20,1.016
50,1.99,20,1.016
50,2.3,20,1.015
50,2.57,20,1.015
50,2.89,20,1.015
50,3.09,20,1.015
50,3.49,20,1.015
50,3.62,20,1.016
50,3.85,20,1.016
50,3.91,20,1.016
50,4.7,20,1.017
50,5.13,20,1.019
50,5.15,20,1.019
60,2.11,20,1.017
60,2.37,20,1.017
60,2.76,20,1.017
60,3.09,20,1.017
60,3.51,20,1.017
60,3.76,20,1.018
60,4.28,20,1.019
60,4.45,20,1.019
60,4.76,20,1.02
60,4.84,20,1.02
60,5.9,20,1.023
60,6.49,20,1.025
60,6.51,20,1.026
70,2.43,20,1.018
70,2.73,20,1.019
70,3.18,20,1.019
70,3.57,20,1.02
70,4.08,20,1.021
70,4.36,20,1.021
70,4.99,20,1.023
70,5.2,20,1.023
70,5.56,20,1.025
70,5.66,20,1.025
70,6.94,20,1.03
70,7.65,20,1.033
70,7.68,20,1.033
80,2.77,20,1.02
80,3.12,20,1.021
80,3.63,20,1.022
80,4.08,20,1.023
80,4.66,20,1.024
80,4.99,20,1.025
80,5.71,20,1.027
80,5.94,20,1.028
80,6.36,20,1.03
80,6.47,20,1.03
80,7.88,20,1.036
80,8.66,20,1.04
80,8.69,20,1.04
90,3.14,20,1.023
90,3.53,20,1.024
90,4.1,20,1.025
90,4.59,20,1.026
90,5.24,20,1.028
90,5.6,20,1.029
90,6.38,20,1.032
90,6.62,20,1.033
90,7.07,20,1.035
90,7.18,20,1.035
90,8.66,20,1.042
90,9.45,20,1.046
90,9.48,20,1.046
100,3.52,20,1.025
100,3.95,20,1.026
100,4.57,20,1.028
100,5.09,20,1.03
100,5.79,20,1.032
100,6.17,20,1.033
100,6.97,20,1.036
100,7.23,20,1.037
100,7.69,20,1.039
100,7.81,20,1.04
100,9.3,20,1.047
100,10.1,20,1.051
100,10.14,20,1.051
110,3.91,20,1.028
110,4.37,20,1.029
110,5.02,20,1.031
110,5.57,20,1.033
110,6.3,20,1.035
110,6.69,20,1.037
110,7.51,20,1.04
110,7.77,20,1.041
110,8.23,20,1.043
110,8.35,20,1.043
110,9.85,20,1.051
110,10.67,20,1.055
110,10.7,20,1.056
120,4.31,20,1.031
120,4.79,20,1.032
120,5.47,20,1.034
120,6.04,20,1.036
120,6.78,20,1.039
120,7.18,20,1.04
120,8.01,20,1.043
120,8.27,20,1.044
120,8.73,20,1.046
120,8.85,20,1.047
120,10.34,20,1.054
120,11.17,20,1.059
120,11.21,20,1.059
130,4.71,20,1.033
130,5.21,20,1.035
130,5.91,20,1.037
130,6.49,20,1.039
130,7.24,20,1.041
130,7.63,20,1.043
130,8.46,20,1.046
130,8.72,20,1.047
130,9.18,20,1.05
130,9.3,20,1.05
130,10.79,20,1.058
130,11.62,20,1.062
130,11.66,20,1.063
140,5.11,20,1.036
140,5.62,20,1.037
140,6.34,20,1.04
140,6.92,20,1.042
140,7.67,20,1.044
140,8.07,20,1.046
140,8.89,20,1.049
140,9.14,20,1.05
140,9.59,20,1.052
140,9.71,20,1.053
140,11.2,20,1.061
140,12.04,20,1.065
140,12.09,20,1.066
150,5.52,20,1.038
150,6.04,20,1.04
150,6.75,20,1.042
150,7.34,20,1.044
150,8.09,20,1.047
150,8.48,20,1.048
150,9.29,20,1.052
150,9.54,20,1.053
150,9.98,20,1.055
150,10.1,20,1.056
150,11.58,20,1.063
150,12.44,20,1.068
150,12.48,20,1.068
50,1.78,25,1.016
50,1.99,25,1.016
50,2.3,25,1.015
50,2.57,25,1.015
50,2.89,25,1.015
50,3.09,25,1.015
50,3.49,25,1.015
50,3.62,25,1.016
50,3.85,25,1.016
50,3.91,25,1.016
50,4.7,25,1.017
50,5.13,25,1.019
50,5.15,25,1.019
60,2.11,25,1.017
60,2.37,25,1.017
60,2.76,25,1.017
60,3.09,25,1.017
60,3.51,25,1.017
60,3.76,25,1.018
60,4.28,25,1.019
60,4.45,25,1.019
60,4.76,25,1.02
60,4.84,25,1.02
60,5.9,25,1.023
60,6.49,25,1.025
60,6.51,25,1.025
70,2.43,25,1.018
70,2.73,25,1.019
70,3.18,25,1.019
70,3.57,25,1.02
70,4.08,25,1.021
70,4.36,25,1.021
70,4.99,25,1.023
70,5.2,25,1.023
70,5.56,25,1.025
70,5.66,25,1.025
70,6.94,25,1.03
70,7.65,25,1.033
70,7.68,25,1.033
80,2.77,25,1.02
80,3.12,25,1.021
80,3.63,25,1.022
80,4.08,25,1.023
80,4.66,25,1.024
80,4.99,25,1.025
80,5.71,25,1.027
80,5.94,25,1.028
80,6.36,25,1.03
80,6.47,25,1.03
80,7.88,25,1.036
80,8.66,25,1.04
80,8.69,25,1.04
90,3.14,25,1.023
90,3.53,25,1.024
90,4.1,25,1.025
90,4.59,25,1.026
90,5.24,25,1.028
90,5.6,25,1.029
90,6.38,25,1.032
90,6.62,25,1.033
90,7.07,25,1.034
90,7.18,25,1.035
90,8.66,25,1.041
90,9.45,25,1.045
90,9.48,25,1.046
100,3.52,25,1.025
100,3.95,25,1.026
100,4.57,25,1.028
100,5.09,25,1.029
100,5.79,25,1.032
100,6.17,25,1.033
100,6.97,25,1.036
100,7.23,25,1.037
100,7.69,25,1.039
100,7.81,25,1.039
100,9.3,25,1.046
100,10.1,25,1.051
100,10.14,25,1.051
110,3.91,25,1.028
110,4.37,25,1.029
110,5.02,25,1.031
110,5.57,25,1.033
110,6.3,25,1.035
110,6.69,25,1.036
110,7.51,25,1.04
110,7.77,25,1.041
110,8.23,25,1.043
110,8.35,25,1.043
110,9.85,25,1.05
110,10.67,25,1.055
110,10.7,25,1.055
120,4.31,25,1.03
120,4.79,25,1.032
120,5.47,25,1.034
120,6.04,25,1.036
120,6.78,25,1.038
120,7.18,25,1.04
120,8.01,25,1.043
120,8.27,25,1.044
120,8.73,25,1.046
120,8.85,25,1.047
120,10.34,25,1.054
120,11.17,25,1.058
120,11.21,25,1.059
130,4.71,25,1.033
130,5.21,25,1.034
130,5.91,25,1.037
130,6.49,25,1.038
130,7.24,25,1.041
130,7.63,25,1.043
130,8.46,25,1.046
130,8.72,25,1.047
130,9.18,25,1.049
130,9.3,25,1.05
130,10.79,25,1.057
130,11.62,25,1.062
130,11.66,25,1.062
140,5.11,25,1.035
140,5.62,25,1.037
140,6.34,25,1.039
140,6.92,25,1.041
140,7.67,25,1.044
140,8.07,25,1.045
140,8.89,25,1.049
140,9.14,25,1.05
140,9.59,25,1.052
140,9.71,25,1.052
140,11.2,25,1.06
140,12.04,25,1.065
140,12.09,25,1.065
150,5.52,25,1.038
150,6.04,25,1.039
150,6.75,25,1.042
150,7.34,25,1.044
150,8.09,25,1.047
150,8.48,25,1.048
150,9.29,25,1.051
150,9.54,25,1.053
150,9.98,25,1.055
150,10.1,25,1.055
150,11.58,25,1.063
150,12.44,25,1.067
150,12.48,25,1.068
50,1.78,35,1.016
50,1.99,35,1.016
50,2.3,35,1.015
50,2.57,35,1.015
50,2.89,35,1.015
50,3.09,35,1.015
50,3.49,35,1.015
50,3.62,35,1.016
50,3.85,35,1.016
50,3.91,35,1.016
50,4.7,35,1.017
50,5.13,35,1.019
50,5.15,35,1.019
60,2.11,35,1.017
60,2.37,35,1.017
60,2.76,35,1.017
60,3.09,35,1.017
60,3.51,35,1.017
60,3.76,35,1.018
60,4.28,35,1.019
60,4.45,35,1.019
60,4.76,35,1.02
60,4.84,35,1.02
60,5.9,35,1.023
60,6.49,35,1.025
60,6.51,35,1.025
70,2.43,35,1.018
70,2.73,35,1.019
70,3.18,35,1.019
70,3.57,35,1.019
70,4.08,35,1.02
70,4.36,35,1.021
70,4.99,35,1.023
70,5.2,35,1.023
70,5.56,35,1.024
70,5.66,35,1.025
70,6.94,35,1.03
70,7.65,35,1.033
70,7.68,35,1.033
80,2.77,35,1.02
80,3.12,35,1.021
80,3.63,35,1.022
80,4.08,35,1.023
80,4.66,35,1.024
80,4.99,35,1.025
80,5.71,35,1.027
80,5.94,35,1.028
80,6.36,35,1.03
80,6.47,35,1.03
80,7.88,35,1.036
80,8.66,35,1.039
80,8.69,35,1.04
90,3.14,35,1.023
90,3.53,35,1.023
90,4.1,35,1.025
90,4.59,35,1.026
90,5.24,35,1.028
90,5.6,35,1.029
90,6.38,35,1.032
90,6.62,35,1.033
90,7.07,35,1.034
90,7.18,35,1.035
90,8.66,35,1.041
90,9.45,35,1.045
90,9.48,35,1.045
100,3.52,35,1.025
100,3.95,35,1.026
100,4.57,35,1.028
100,5.09,35,1.029
100,5.79,35,1.032
100,6.17,35,1.033
100,6.97,35,1.036
100,7.23,35,1.037
100,7.69,35,1.039
100,7.81,35,1.039
100,9.3,35,1.046
100,10.1,35,1.05
100,10.14,35,1.05
110,3.91,35,1.028
110,4.37,35,1.029
110,5.02,35,1.031
110,5.57,35,1.032
110,6.3,35,1.035
110,6.69,35,1.036
110,7.51,35,1.039
110,7.77,35,1.04
110,8.23,35,1.042
110,8.35,35,1.043
110,9.85,35,1.05
110,10.67,35,1.054
110,10.7,35,1.055
120,4.31,35,1.03
120,4.79,35,1.032
120,5.47,35,1.034
120,6.04,35,1.035
120,6.78,35,1.038
120,7.18,35,1.039
120,8.01,35,1.043
120,8.27,35,1.044
120,8.73,35,1.046
120,8.85,35,1.046
120,10.34,35,1.053
120,11.17,35,1.058
120,11.21,35,1.058
130,4.71,35,1.033
130,5.21,35,1.034
130,5.91,35,1.036
130,6.49,35,1.038
130,7.24,35,1.041
130,7.63,35,1.042
130,8.46,35,1.046
130,8.72,35,1.047
130,9.18,35,1.049
130,9.3,35,1.049
130,10.79,35,1.057
130,11.62,35,1.061
130,11.66,35,1.061
140,5.11,35,1.035
140,5.62,35,1.037
140,6.34,35,1.039
140,6.92,35,1.041
140,7.67,35,1.044
140,8.07,35,1.045
140,8.89,35,1.048
140,9.14,35,1.049
140,9.59,35,1.051
140,9.71,35,1.052
140,11.2,35,1.059
140,12.04,35,1.064
140,12.09,35,1.064
150,5.52,35,1.038
150,6.04,35,1.039
150,6.75,35,1.041
150,7.34,35,1.043
150,8.09,35,1.046
150,8.48,35,1.048
150,9.29,35,1.051
150,9.54,35,1.052
150,9.98,35,1.054
150,10.1,35,1.055
150,11.58,35,1.062
150,12.44,35,1.067
150,12.48,35,1.067
